{
	"info": {
		"_postman_id": "75e0eb15-aca4-43e3-8d45-19543a820707",
		"name": "pi-users-login-register",
		"schema": "https://schema.getpostman.com/json/collection/v2.1.0/collection.json",
		"_exporter_id": "33965849"
	},
	"item": [
		{
			"name": "Create user",
			"request": {
				"method": "POST",
				"header": [
					{
						"key": "Content-Type",
						"value": "application/json",
						"type": "text"
					}
				],
				"body": {
					"mode": "raw",
					"raw": "{\r\n  \"nome\": \"roque rio\",\r\n  \"telefone\": \"14998005643\",\r\n  \"login\": \"roque@ggmaiaaaakal.com\",\r\n  \"senha\": \"1234\"\r\n}",
					"options": {
						"raw": {
							"language": "json"
						}
					}
				},
				"url": {
					"raw": "http://localhost:9090/cadastro",
					"protocol": "http",
					"host": [
						"localhost"
					],
					"port": "9090",
					"path": [
						"cadastro"
					]
				}
			},
			"response": []
		},
		{
			"name": "Login pelo body",
			"protocolProfileBehavior": {
				"disableBodyPruning": true
			},
			"request": {
				"method": "GET",
				"header": [
					{
						"key": "Content-Type",
						"value": "application/json",
						"type": "text"
					}
				],
				"body": {
					"mode": "raw",
					"raw": "{\r\n  \"login\": \"roque@gmail.com\",\r\n  \"senha\": \"1234\"\r\n}",
					"options": {
						"raw": {
							"language": "json"
						}
					}
				},
				"url": {
					"raw": "http://localhost:9090/login-user",
					"protocol": "http",
					"host": [
						"localhost"
					],
					"port": "9090",
					"path": [
						"login-user"
					]
				}
			},
			"response": []
		},
		{
			"name": "Login pelo endpoint",
			"request": {
				"method": "GET",
				"header": [
					{
						"key": "Content-Type",
						"value": "application/json",
						"type": "text",
						"disabled": true
					}
				],
				"url": {
					"raw": "http://localhost:9090/login/roque@gmaiaaal.com/1234",
					"protocol": "http",
					"host": [
						"localhost"
					],
					"port": "9090",
					"path": [
						"login",
						"roque@gmaiaaal.com",
						"1234"
					]
				}
			},
			"response": []
		},
		{
			"name": "Todos users",
			"request": {
				"method": "GET",
				"header": [
					{
						"key": "Content-Type",
						"value": "application/json",
						"type": "text",
						"disabled": true
					}
				],
				"url": {
					"raw": "http://localhost:9090/todosUsers",
					"protocol": "http",
					"host": [
						"localhost"
					],
					"port": "9090",
					"path": [
						"todosUsers"
					]
				}
			},
			"response": []
		},
		{
			"name": "Usuários por id",
			"request": {
				"method": "GET",
				"header": [
					{
						"key": "Content-Type",
						"value": "application/json",
						"type": "text",
						"disabled": true
					}
				],
				"url": {
					"raw": "http://localhost:9090/user-por-id/2",
					"protocol": "http",
					"host": [
						"localhost"
					],
					"port": "9090",
					"path": [
						"user-por-id",
						"2"
					]
				}
			},
			"response": []
		}
	]
}